filename,x1,y1,x2,y2,score,side,stage
S1_L1.jpg,1070.58349609375,209.58883666992188,1340.96337890625,555.7593994140625,0.9241696000099182,L,1
S1_L10.jpg,475.1212463378906,244.0862274169922,749.3095092773438,597.6671142578125,0.8628404140472412,L,1
S1_L11.jpg,1017.3944702148438,180.6534881591797,1349.964599609375,584.6682739257812,0.8973891735076904,L,1
S1_L12.jpg,1073.150146484375,172.5342559814453,1378.838134765625,596.896728515625,0.914368748664856,L,1
S1_L13.jpg,1096.489013671875,185.28012084960938,1382.04736328125,543.120361328125,0.9002186059951782,L,1
S1_L14.jpg,1073.4097900390625,223.84141540527344,1373.7271728515625,601.7677001953125,0.9059439301490784,L,1
S1_L15.jpg,1076.0220947265625,154.52581787109375,1328.477783203125,517.8646240234375,0.9214616417884827,L,1
S1_L16.jpg,1073.6884765625,272.3617248535156,1370.5146484375,657.34423828125,0.9013777375221252,L,1
S1_L2.jpg,1110.8590087890625,223.5875244140625,1413.9886474609375,613.9846801757812,0.9025739431381226,L,1
S1_L3.jpg,1036.75390625,204.05776977539062,1344.8623046875,567.904296875,0.8954485654830933,L,1
S1_L4.jpg,1048.0782470703125,338.46075439453125,1348.175537109375,706.7235107421875,0.9028911590576172,L,1
S1_L5.jpg,1079.7783203125,256.0657958984375,1380.903076171875,656.0150146484375,0.9032675623893738,L,1
S1_L6.jpg,1097.7987060546875,93.95293426513672,1365.0750732421875,435.9837951660156,0.9102495908737183,L,1
S1_L7.jpg,1057.48974609375,181.67822265625,1329.4815673828125,618.1678466796875,0.9059449434280396,L,1
S1_L8.jpg,1014.9760131835938,190.3334503173828,1327.201171875,574.110595703125,0.8985548615455627,L,1
S1_L9.jpg,49.98514175415039,246.79730224609375,474.3927001953125,747.1017456054688,0.8837267160415649,L,1
S1_R1.jpg,439.64703369140625,155.83255004882812,785.7129516601562,627.5494995117188,0.8888888955116272,R,1
S1_R10.jpg,573.1279907226562,194.58116149902344,837.8214721679688,575.8355102539062,0.9037357568740845,R,1
S1_R11.jpg,613.0116577148438,56.638484954833984,894.221923828125,442.4687805175781,0.8960397839546204,R,1
S1_R12.jpg,505.4451599121094,250.7255401611328,816.3727416992188,663.0281372070312,0.8871328234672546,R,1
S1_R13.jpg,615.8321533203125,9.96114730834961,903.1072387695312,388.7361755371094,0.8904179334640503,R,1
S1_R14.jpg,592.9584350585938,163.3505859375,876.8871459960938,538.5003051757812,0.9201481342315674,R,1
S1_R15.jpg,562.667236328125,195.17495727539062,844.4149169921875,551.4215698242188,0.8865139484405518,R,1
S1_R16.jpg,522.5413208007812,184.33786010742188,829.41650390625,561.61376953125,0.9021372199058533,R,1
S1_R17.jpg,549.3746948242188,232.62425231933594,826.7457885742188,573.4202880859375,0.9166370034217834,R,1
S1_R18.jpg,652.7048950195312,142.2055206298828,917.9813842773438,461.8083801269531,0.9062787890434265,R,1
S1_R19.jpg,618.571044921875,210.26785278320312,885.3563842773438,534.2762451171875,0.8961657881736755,R,1
S1_R2.jpg,575.0433959960938,209.37367248535156,866.7528686523438,614.3588256835938,0.9200645089149475,R,1
S1_R20.jpg,529.2928466796875,231.50076293945312,824.4877319335938,627.4257202148438,0.8985605239868164,R,1
S1_R21.jpg,554.6092529296875,226.57620239257812,865.8076782226562,622.4761962890625,0.8947696685791016,R,1
S1_R22.jpg,575.1617431640625,143.0033721923828,846.3126831054688,489.5613098144531,0.8957294821739197,R,1
S1_R23.jpg,545.1622314453125,213.51686096191406,836.6618041992188,582.3811645507812,0.9033433198928833,R,1
S1_R24.jpg,565.31396484375,173.1248779296875,842.7437744140625,530.5101318359375,0.9074077606201172,R,1
S1_R25.jpg,509.3302001953125,218.6339111328125,809.3614501953125,604.963623046875,0.8925939798355103,R,1
S1_R26.jpg,570.7100830078125,207.03860473632812,846.2880859375,580.4464721679688,0.9044368267059326,R,1
S1_R27.jpg,43.98116683959961,212.47117614746094,316.8518981933594,560.6192626953125,0.8608016967773438,R,1
S1_R28.jpg,28.855236053466797,237.01254272460938,302.7274169921875,596.6043090820312,0.8697495460510254,R,1
S1_R29.jpg,72.66986846923828,208.44483947753906,334.71600341796875,548.428466796875,0.8415583372116089,R,1
S1_R3.jpg,601.6376342773438,144.5853729248047,901.0540771484375,550.34716796875,0.8959255218505859,R,1
S1_R30.jpg,40.6567497253418,229.04006958007812,311.71734619140625,574.8111572265625,0.8724571466445923,R,1
S1_R31.jpg,513.052001953125,187.87261962890625,842.7764892578125,578.4776611328125,0.9082472324371338,R,1
S1_R32.jpg,556.9827270507812,135.73326110839844,849.1533203125,487.78173828125,0.8949459195137024,R,1
S1_R33.jpg,549.7955932617188,134.56300354003906,859.8646850585938,502.95867919921875,0.899290144443512,R,1
S1_R4.jpg,617.260498046875,181.2646484375,897.9967041015625,548.72314453125,0.8894509673118591,R,1
S1_R5.jpg,585.0416870117188,153.69802856445312,869.72509765625,502.8987121582031,0.9100801944732666,R,1
S1_R6.jpg,616.88720703125,238.08299255371094,893.8461303710938,596.5955200195312,0.8875000476837158,R,1
S1_R7.jpg,597.2053833007812,39.57611846923828,902.4773559570312,439.640625,0.8880167007446289,R,1
S1_R8.jpg,597.1598510742188,8.313582420349121,903.8444213867188,428.0782470703125,0.8906490206718445,R,1
S1_R9.jpg,580.9038696289062,194.6812286376953,847.6875610351562,560.2930297851562,0.9014914631843567,R,1
S2_L1.jpg,1022.0447998046875,273.56610107421875,1303.2783203125,701.9952392578125,0.9270586371421814,L,2
S2_L10.jpg,1082.1866455078125,189.3145751953125,1373.6434326171875,601.4021606445312,0.9225679636001587,L,2
S2_L11.jpg,1076.1680908203125,187.27658081054688,1351.6334228515625,557.2784423828125,0.911213219165802,L,2
S2_L12.jpg,1070.57177734375,184.5006561279297,1346.8358154296875,565.001953125,0.9098764657974243,L,2
S2_L13.jpg,1052.70556640625,197.44688415527344,1324.9505615234375,573.030517578125,0.9105038642883301,L,2
S2_L14.jpg,992.9387817382812,221.3856964111328,1278.9114990234375,582.9444580078125,0.9133599400520325,L,2
S2_L15.jpg,1097.7987060546875,93.95293426513672,1365.0750732421875,435.9837951660156,0.9102495908737183,L,2
S2_L16.jpg,1147.80078125,242.34693908691406,1431.40087890625,614.3630981445312,0.8944055438041687,L,2
S2_L17.jpg,1091.9913330078125,209.35081481933594,1397.6634521484375,608.17578125,0.9055101275444031,L,2
S2_L18.jpg,1084.5306396484375,37.97593688964844,1371.0240478515625,394.258056640625,0.9239272475242615,L,2
S2_L19.jpg,1120.817626953125,225.75375366210938,1430.0548095703125,632.6746826171875,0.913899838924408,L,2
S2_L2.jpg,1043.3525390625,234.1267852783203,1327.4173583984375,679.4691772460938,0.9201633930206299,L,2
S2_L20.jpg,1120.25244140625,32.26241683959961,1392.9378662109375,391.6862487792969,0.9190662503242493,L,2
S2_L21.jpg,1101.53125,171.59640502929688,1374.591796875,512.2236938476562,0.9036975502967834,L,2
S2_L22.jpg,1144.4630126953125,0.0,1555.521728515625,495.198974609375,0.8835115432739258,L,2
S2_L23.jpg,1078.5614013671875,226.7381591796875,1389.659423828125,607.7459716796875,0.8995924592018127,L,2
S2_L24.jpg,1053.647216796875,38.30960464477539,1338.188720703125,394.3466491699219,0.9145737886428833,L,2
S2_L25.jpg,1077.977783203125,238.904296875,1359.320068359375,585.750244140625,0.916585385799408,L,2
S2_L26.jpg,1039.737060546875,199.2918243408203,1318.6585693359375,545.5586547851562,0.9030005931854248,L,2
S2_L27.jpg,1057.9688720703125,144.23147583007812,1356.326416015625,515.2689208984375,0.8959821462631226,L,2
S2_L28.jpg,1082.4833984375,221.6819610595703,1374.9326171875,584.0475463867188,0.923442006111145,L,2
S2_L29.jpg,1091.4586181640625,259.0489501953125,1401.9593505859375,644.380615234375,0.9080343246459961,L,2
S2_L3.jpg,1052.2803955078125,242.5245361328125,1386.617919921875,741.2997436523438,0.8984426259994507,L,2
S2_L30.jpg,1049.0914306640625,306.2819519042969,1369.38427734375,688.1958618164062,0.8963714838027954,L,2
S2_L31.jpg,1059.749267578125,322.5038757324219,1379.2003173828125,693.45947265625,0.9017117023468018,L,2
S2_L32.jpg,1012.0350952148438,268.03448486328125,1330.1951904296875,646.45654296875,0.9162697196006775,L,2
S2_L33.jpg,1084.0777587890625,252.8074188232422,1397.2115478515625,618.4510498046875,0.9034325480461121,L,2
S2_L34.jpg,1057.40087890625,238.92221069335938,1390.74755859375,651.1437377929688,0.9092774391174316,L,2
S2_L35.jpg,1061.040283203125,181.62844848632812,1382.3309326171875,559.8663330078125,0.8978021144866943,L,2
S2_L36.jpg,1097.5916748046875,75.47181701660156,1486.107177734375,543.4520263671875,0.9013680815696716,L,2
S2_L37.jpg,1071.396484375,192.58590698242188,1341.15869140625,542.4896240234375,0.924386739730835,L,2
S2_L38.jpg,1168.4603271484375,332.521484375,1567.5380859375,856.1322631835938,0.898064136505127,L,2
S2_L39.jpg,1057.6209716796875,275.853759765625,1343.2591552734375,649.3095092773438,0.9007316827774048,L,2
S2_L4.jpg,1064.085693359375,152.50340270996094,1362.08544921875,592.7886962890625,0.9102846384048462,L,2
S2_L40.jpg,487.19537353515625,220.20208740234375,753.3153076171875,556.8543090820312,0.8674963116645813,L,2
S2_L41.jpg,1097.9571533203125,237.8898162841797,1385.562744140625,605.4592895507812,0.8903378844261169,L,2
S2_L42.jpg,1085.64697265625,308.25054931640625,1384.0787353515625,726.3604736328125,0.8919464945793152,L,2
S2_L43.jpg,1022.0101318359375,416.0618896484375,1268.411865234375,751.8653564453125,0.9074086546897888,L,2
S2_L44.jpg,1058.4454345703125,264.5645751953125,1298.1734619140625,622.7133178710938,0.9094003438949585,L,2
S2_L45.jpg,1094.4517822265625,182.03819274902344,1369.5228271484375,547.3389282226562,0.8892532587051392,L,2
S2_L46.jpg,990.1787719726562,292.71234130859375,1249.5919189453125,648.7479858398438,0.912598192691803,L,2
S2_L47.jpg,1082.32275390625,168.73184204101562,1392.464111328125,539.8538208007812,0.9161168336868286,L,2
S2_L48.jpg,1094.9033203125,86.9294204711914,1368.125732421875,471.298583984375,0.8907096982002258,L,2
S2_L49.jpg,1012.6981811523438,206.13385009765625,1327.7581787109375,574.1571044921875,0.9112840294837952,L,2
S2_L5.jpg,1112.5367431640625,124.72857666015625,1386.8619384765625,574.7562255859375,0.9058929681777954,L,2
S2_L50.jpg,1023.46875,254.5065460205078,1317.6103515625,617.6607055664062,0.9401408433914185,L,2
S2_L51.jpg,1044.6119384765625,84.76394653320312,1298.10595703125,463.1981506347656,0.9075046181678772,L,2
S2_L52.jpg,1072.9061279296875,385.900146484375,1316.799560546875,733.3561401367188,0.9078518152236938,L,2
S2_L53.jpg,1018.0848388671875,92.15280151367188,1294.150634765625,470.6470947265625,0.911623477935791,L,2
S2_L54.jpg,1042.62548828125,267.1300354003906,1371.42919921875,678.0598754882812,0.8990358114242554,L,2
S2_L55.jpg,1055.4154052734375,148.09075927734375,1305.275146484375,511.8937072753906,0.8944966197013855,L,2
S2_L56.jpg,1043.5579833984375,60.64814376831055,1310.8680419921875,435.806884765625,0.9389733076095581,L,2
S2_L6.jpg,1005.9315185546875,359.916259765625,1278.4537353515625,706.7200317382812,0.9000416994094849,L,2
S2_L7.jpg,1083.745849609375,402.6805419921875,1336.1068115234375,752.152099609375,0.9105505347251892,L,2
S2_L8.jpg,1042.7034912109375,246.9921875,1317.312744140625,623.5042724609375,0.9396772980690002,L,2
S2_L9.jpg,1074.4937744140625,168.1535186767578,1349.8748779296875,546.2379150390625,0.9258782863616943,L,2
S2_R1.jpg,574.7764892578125,77.6917953491211,870.5751342773438,488.25347900390625,0.9153661131858826,R,2
S2_R10.jpg,607.0670776367188,58.2099723815918,896.8529663085938,474.31451416015625,0.878990113735199,R,2
S2_R11.jpg,597.84814453125,74.39562225341797,911.80810546875,499.4503479003906,0.8812341690063477,R,2
S2_R12.jpg,609.9510498046875,191.66456604003906,884.1119995117188,564.6397705078125,0.9096689820289612,R,2
S2_R13.jpg,611.7620849609375,45.28016662597656,892.2876586914062,430.99725341796875,0.8932906985282898,R,2
S2_R14.jpg,473.123291015625,176.64266967773438,796.1162109375,568.451416015625,0.8966333270072937,R,2
S2_R15.jpg,615.906982421875,155.13941955566406,893.8502197265625,528.5692138671875,0.8872246742248535,R,2
S2_R16.jpg,588.9420776367188,170.53094482421875,865.4642333984375,548.6070556640625,0.9023197889328003,R,2
S2_R17.jpg,586.5803833007812,135.51792907714844,873.3472900390625,519.8178100585938,0.912006139755249,R,2
S2_R18.jpg,576.0872802734375,212.6967010498047,862.5330810546875,628.6788940429688,0.8926541209220886,R,2
S2_R19.jpg,590.6207275390625,84.42398834228516,886.0213012695312,524.4593505859375,0.9115315675735474,R,2
S2_R2.jpg,548.1992797851562,354.9996032714844,827.1567993164062,701.8617553710938,0.9163348078727722,R,2
S2_R20.jpg,576.0872802734375,212.6967010498047,862.5330810546875,628.6788940429688,0.8926541209220886,R,2
S2_R21.jpg,80.09888458251953,0.0,572.4819946289062,574.7044677734375,0.7366300821304321,R,2
S2_R22.jpg,32.069541931152344,277.515380859375,436.7557678222656,797.9043579101562,0.8868491053581238,R,2
S2_R23.jpg,554.3324584960938,149.6222686767578,851.0111694335938,539.1844482421875,0.8891303539276123,R,2
S2_R24.jpg,543.8832397460938,200.7449493408203,838.0958251953125,597.58154296875,0.9123369455337524,R,2
S2_R25.jpg,429.6953430175781,356.39105224609375,827.80859375,868.4734497070312,0.8914920687675476,R,2
S2_R26.jpg,548.8504028320312,269.2956237792969,834.3546752929688,611.8097534179688,0.9132134318351746,R,2
S2_R27.jpg,576.9498901367188,168.7096405029297,866.4053344726562,528.2330932617188,0.89461749792099,R,2
S2_R28.jpg,590.479248046875,91.61495971679688,864.3883666992188,450.8788146972656,0.906501293182373,R,2
S2_R29.jpg,571.2498168945312,124.43145751953125,861.4995727539062,468.8501892089844,0.8900013566017151,R,2
S2_R3.jpg,491.523681640625,156.19024658203125,823.3558349609375,592.8882446289062,0.8829872012138367,R,2
S2_R30.jpg,567.5679931640625,228.54701232910156,842.9423828125,582.4506225585938,0.9038731455802917,R,2
S2_R31.jpg,578.5626220703125,217.48831176757812,864.060791015625,560.7103881835938,0.9057303071022034,R,2
S2_R32.jpg,593.2063598632812,187.7239990234375,862.1957397460938,527.2802124023438,0.9046123623847961,R,2
S2_R33.jpg,630.8515014648438,301.8741455078125,896.7826538085938,625.2129516601562,0.9205177426338196,R,2
S2_R34.jpg,572.6869506835938,184.57130432128906,862.9431762695312,538.7214965820312,0.913993239402771,R,2
S2_R35.jpg,588.959228515625,195.6705780029297,860.37255859375,534.3392333984375,0.9055716395378113,R,2
S2_R36.jpg,552.7666015625,318.42529296875,832.032958984375,672.0073852539062,0.9230566024780273,R,2
S2_R37.jpg,593.5543212890625,182.01437377929688,834.98779296875,509.616455078125,0.8970242142677307,R,2
S2_R38.jpg,559.6259155273438,240.13487243652344,848.4718017578125,598.0987548828125,0.8922674655914307,R,2
S2_R39.jpg,590.6739501953125,97.93856048583984,857.1973266601562,441.39678955078125,0.9058148264884949,R,2
S2_R4.jpg,578.7501831054688,370.629638671875,883.6859741210938,735.58837890625,0.9086071252822876,R,2
S2_R40.jpg,606.79296875,292.563720703125,844.8994750976562,630.94189453125,0.9124420285224915,R,2
S2_R41.jpg,581.8685302734375,160.35157775878906,829.4801025390625,505.4989318847656,0.8996050953865051,R,2
S2_R42.jpg,617.2687377929688,308.7649230957031,894.7645874023438,686.4005126953125,0.8946435451507568,R,2
S2_R43.jpg,496.68670654296875,303.04449462890625,809.249755859375,696.0919799804688,0.8914070129394531,R,2
S2_R44.jpg,606.8963012695312,188.5095672607422,894.7857666015625,587.2158813476562,0.8886787295341492,R,2
S2_R45.jpg,518.4408569335938,230.8777618408203,844.19482421875,620.2427368164062,0.9120256900787354,R,2
S2_R46.jpg,646.4298095703125,225.97848510742188,894.3167724609375,590.4971923828125,0.9014179706573486,R,2
S2_R47.jpg,636.563232421875,170.17897033691406,911.9190673828125,530.7489624023438,0.9124694466590881,R,2
S2_R48.jpg,571.7962036132812,273.510009765625,824.8609619140625,638.7061767578125,0.8860815763473511,R,2
S2_R49.jpg,522.1463623046875,142.05447387695312,843.9042358398438,518.591064453125,0.9106233716011047,R,2
S2_R5.jpg,525.297607421875,281.7313537597656,856.015869140625,720.8447265625,0.8994203209877014,R,2
S2_R50.jpg,514.3441772460938,68.41792297363281,848.940185546875,509.5116271972656,0.8942539095878601,R,2
S2_R51.jpg,529.9588623046875,193.30374145507812,830.760986328125,560.5679321289062,0.9172000288963318,R,2
S2_R52.jpg,522.740234375,246.30697631835938,810.185546875,601.534423828125,0.8919100165367126,R,2
S2_R53.jpg,574.1033325195312,269.20794677734375,844.4635620117188,621.053955078125,0.9013845324516296,R,2
S2_R54.jpg,548.942138671875,90.95270538330078,834.6863403320312,476.0065002441406,0.9059338569641113,R,2
S2_R55.jpg,572.5391845703125,149.35906982421875,833.6402587890625,507.4312438964844,0.9080575108528137,R,2
S2_R56.jpg,569.5414428710938,176.79812622070312,834.6345825195312,532.4996337890625,0.8947075605392456,R,2
S2_R6.jpg,607.6638793945312,285.1949462890625,905.1613159179688,649.9410400390625,0.8947485685348511,R,2
S2_R7.jpg,579.2476196289062,192.6730194091797,879.4741821289062,567.01171875,0.9182098507881165,R,2
S2_R8.jpg,588.0155029296875,64.95093536376953,894.9044799804688,452.10418701171875,0.8997703790664673,R,2
S2_R9.jpg,565.110595703125,0.0,867.62646484375,315.1737060546875,0.8853580355644226,R,2
S3_L1.jpg,1056.5576171875,0.0,1334.2691650390625,387.4527893066406,0.8947158455848694,L,3
S3_L10.jpg,1039.9710693359375,162.99581909179688,1345.8236083984375,551.1096801757812,0.893132746219635,L,3
S3_L11.jpg,1023.1766357421875,193.62013244628906,1340.595703125,573.0319213867188,0.9227832555770874,L,3
S3_L12.jpg,1019.2691650390625,380.607666015625,1306.9813232421875,721.1737060546875,0.9208065867424011,L,3
S3_L13.jpg,999.7886352539062,237.98086547851562,1288.4228515625,619.604736328125,0.9023219347000122,L,3
S3_L14.jpg,959.9192504882812,227.9935302734375,1245.9013671875,589.1803588867188,0.8990111947059631,L,3
S3_L15.jpg,991.1002807617188,357.5539245605469,1270.5032958984375,699.388916015625,0.9031885862350464,L,3
S3_L16.jpg,1052.6456298828125,68.76678466796875,1359.9814453125,475.5842590332031,0.8926469683647156,L,3
S3_L17.jpg,1051.0391845703125,255.46575927734375,1363.0989990234375,681.5097045898438,0.8983443975448608,L,3
S3_L18.jpg,1081.8948974609375,152.07083129882812,1350.89013671875,473.5689392089844,0.909611165523529,L,3
S3_L19.jpg,1040.6502685546875,205.34005737304688,1304.07470703125,521.0999755859375,0.9146708250045776,L,3
S3_L2.jpg,1052.2822265625,372.20074462890625,1354.9747314453125,734.3514404296875,0.904442548751831,L,3
S3_L20.jpg,1051.2950439453125,220.63819885253906,1320.5474853515625,545.0814819335938,0.8993008136749268,L,3
S3_L21.jpg,1066.5052490234375,223.70428466796875,1353.7183837890625,604.12939453125,0.9039500951766968,L,3
S3_L22.jpg,1063.9638671875,162.8701934814453,1368.8787841796875,555.8656616210938,0.9265185594558716,L,3
S3_L23.jpg,1074.1678466796875,82.2714614868164,1342.137939453125,488.3870544433594,0.9035429954528809,L,3
S3_L24.jpg,1026.54345703125,198.69253540039062,1308.181396484375,604.1458740234375,0.9373362064361572,L,3
S3_L25.jpg,1097.9571533203125,237.8898162841797,1385.562744140625,605.4592895507812,0.8903378844261169,L,3
S3_L3.jpg,1102.515869140625,197.27720642089844,1412.7855224609375,638.03173828125,0.9019012451171875,L,3
S3_L4.jpg,1033.390625,0.0,1313.6146240234375,351.60467529296875,0.9299846887588501,L,3
S3_L5.jpg,1055.064208984375,170.7086944580078,1330.4129638671875,550.3645629882812,0.9055788516998291,L,3
S3_L6.jpg,1054.918212890625,41.389644622802734,1329.942626953125,448.7117004394531,0.9085652232170105,L,3
S3_L7.jpg,1053.4873046875,26.79578399658203,1341.130126953125,427.2763366699219,0.9007206559181213,L,3
S3_L8.jpg,1078.161376953125,95.5280532836914,1352.1181640625,453.52056884765625,0.9254708290100098,L,3
S3_L9.jpg,1031.7486572265625,407.9313049316406,1286.390380859375,737.8895263671875,0.9041513800621033,L,3
S3_R1.jpg,508.6265563964844,231.21217346191406,865.3568115234375,727.54052734375,0.904726505279541,R,3
S3_R10.jpg,601.2771606445312,123.31804656982422,874.21435546875,461.6738586425781,0.9100673794746399,R,3
S3_R11.jpg,573.9632568359375,195.30816650390625,889.424072265625,594.46630859375,0.9021168947219849,R,3
S3_R12.jpg,512.4717407226562,119.00936126708984,808.2012939453125,518.5425415039062,0.8973337411880493,R,3
S3_R13.jpg,520.647705078125,137.3302764892578,810.5426635742188,518.2647705078125,0.8961222171783447,R,3
S3_R14.jpg,544.5423583984375,188.23623657226562,867.73779296875,557.292724609375,0.8947097659111023,R,3
S3_R15.jpg,563.9107055664062,227.01657104492188,857.6166381835938,634.0032958984375,0.8858478665351868,R,3
S3_R16.jpg,612.9957275390625,260.75189208984375,896.2092895507812,631.49658203125,0.903577446937561,R,3
S3_R17.jpg,618.5452880859375,208.55067443847656,897.6392211914062,592.7132568359375,0.8963894844055176,R,3
S3_R18.jpg,551.4163818359375,216.2750701904297,866.2257690429688,652.1436157226562,0.8844608664512634,R,3
S3_R19.jpg,554.2575073242188,159.33175659179688,854.488525390625,560.3422241210938,0.8914337158203125,R,3
S3_R2.jpg,556.3411254882812,246.53521728515625,808.9031372070312,571.515869140625,0.9030661582946777,R,3
S3_R20.jpg,579.4812622070312,251.23583984375,896.246826171875,661.940185546875,0.8950848579406738,R,3
S3_R21.jpg,511.08843994140625,241.54698181152344,849.1154174804688,665.0462036132812,0.9153273105621338,R,3
S3_R22.jpg,556.8612670898438,216.70034790039062,892.2900390625,627.7627563476562,0.9102784991264343,R,3
S3_R23.jpg,548.0797119140625,275.2398986816406,886.8070678710938,700.8095092773438,0.8909949660301208,R,3
S3_R24.jpg,531.7537231445312,270.22613525390625,868.6422119140625,679.3349609375,0.8951588869094849,R,3
S3_R25.jpg,545.50439453125,53.94647216796875,873.50634765625,464.20404052734375,0.8905395269393921,R,3
S3_R26.jpg,521.3687744140625,267.04937744140625,854.6544189453125,679.7987060546875,0.9048247933387756,R,3
S3_R27.jpg,572.6869506835938,184.57130432128906,862.9431762695312,538.7214965820312,0.913993239402771,R,3
S3_R28.jpg,588.959228515625,195.6705780029297,860.37255859375,534.3392333984375,0.9055716395378113,R,3
S3_R29.jpg,595.6171875,147.2998809814453,894.9010620117188,544.095947265625,0.8965827822685242,R,3
S3_R3.jpg,297.84820556640625,205.5067596435547,580.7324829101562,584.500244140625,0.8584645986557007,R,3
S3_R30.jpg,581.8685302734375,160.35157775878906,829.4801025390625,505.4989318847656,0.8996050953865051,R,3
S3_R31.jpg,647.2094116210938,239.21157836914062,865.1781005859375,555.1134643554688,0.9042460918426514,R,3
S3_R32.jpg,653.0303344726562,239.15682983398438,888.1057739257812,578.1260375976562,0.8911221623420715,R,3
S3_R33.jpg,542.59814453125,289.22552490234375,779.015869140625,623.3768310546875,0.9071444869041443,R,3
S3_R34.jpg,556.5068969726562,313.09661865234375,862.9877319335938,728.42138671875,0.8878252506256104,R,3
S3_R35.jpg,582.7117919921875,412.29296875,837.0921630859375,752.1198120117188,0.9005988240242004,R,3
S3_R4.jpg,559.0302124023438,222.87071228027344,850.4929809570312,579.6485595703125,0.9030317664146423,R,3
S3_R5.jpg,299.5585021972656,175.2010040283203,601.9383544921875,542.69287109375,0.7979663610458374,R,3
S3_R6.jpg,659.9104614257812,194.70254516601562,903.4528198242188,515.7471923828125,0.9065628051757812,R,3
S3_R7.jpg,605.6669921875,469.9600524902344,868.8522338867188,802.056396484375,0.900550365447998,R,3
S3_R8.jpg,558.2921142578125,144.0361785888672,832.5574951171875,500.8459167480469,0.8967009782791138,R,3
S3_R9.jpg,545.037109375,43.60417175292969,866.68701171875,440.068603515625,0.8861777186393738,R,3
S4_L1.jpg,1006.161865234375,162.0993194580078,1348.07763671875,591.2451782226562,0.9054880738258362,L,4
S4_L10.jpg,1072.2166748046875,35.74591064453125,1372.42626953125,455.602783203125,0.9243810176849365,L,4
S4_L11.jpg,1121.267333984375,203.8002166748047,1379.6727294921875,553.5652465820312,0.9147133231163025,L,4
S4_L12.jpg,1033.2056884765625,180.86941528320312,1340.9554443359375,538.9511108398438,0.9119796752929688,L,4
S4_L13.jpg,1048.447265625,251.37973022460938,1335.4229736328125,588.1051635742188,0.9012805223464966,L,4
S4_L14.jpg,1001.1525268554688,400.0387268066406,1277.964111328125,781.7481689453125,0.8931437730789185,L,4
S4_L15.jpg,1040.331298828125,91.49459838867188,1315.5750732421875,423.4224548339844,0.9140613675117493,L,4
S4_L16.jpg,1022.3154907226562,278.1163330078125,1277.10302734375,590.3226318359375,0.9099438786506653,L,4
S4_L17.jpg,1030.6220703125,224.23426818847656,1415.356201171875,678.2562255859375,0.9004623293876648,L,4
S4_L18.jpg,1004.068603515625,183.21192932128906,1336.5999755859375,554.9633178710938,0.8833145499229431,L,4
S4_L19.jpg,1009.2207641601562,273.59295654296875,1314.10693359375,658.9259643554688,0.9163771271705627,L,4
S4_L2.jpg,1017.778564453125,144.6778564453125,1285.15576171875,475.2730407714844,0.9159182906150818,L,4
S4_L20.jpg,1023.4725952148438,172.279052734375,1348.0721435546875,567.9671020507812,0.8998834490776062,L,4
S4_L21.jpg,1091.6234130859375,271.7493591308594,1364.538818359375,609.7149047851562,0.9299826622009277,L,4
S4_L22.jpg,1067.8621826171875,303.8830261230469,1331.96337890625,639.0442504882812,0.9158449172973633,L,4
S4_L23.jpg,1085.2742919921875,238.39532470703125,1368.0467529296875,590.65869140625,0.8989895582199097,L,4
S4_L24.jpg,1060.3011474609375,176.93128967285156,1315.9625244140625,492.8564147949219,0.899454653263092,L,4
S4_L25.jpg,1063.9365234375,60.04844284057617,1335.317138671875,428.2375183105469,0.9142850041389465,L,4
S4_L26.jpg,1025.6744384765625,403.7544250488281,1281.0986328125,741.0831298828125,0.9081153273582458,L,4
S4_L27.jpg,1048.13623046875,211.82838439941406,1349.6806640625,595.4810180664062,0.9009302258491516,L,4
S4_L28.jpg,1022.71337890625,124.93744659423828,1326.7496337890625,495.1507873535156,0.9321466088294983,L,4
S4_L29.jpg,1080.888916015625,287.5935363769531,1459.395263671875,784.099853515625,0.8852801322937012,L,4
S4_L3.jpg,997.0579833984375,327.2643737792969,1266.641845703125,673.5447998046875,0.918552577495575,L,4
S4_L30.jpg,812.9243774414062,214.86968994140625,1161.573486328125,668.4420166015625,0.9035334587097168,L,4
S4_L31.jpg,1079.4407958984375,268.92645263671875,1383.5963134765625,652.0026245117188,0.9032683372497559,L,4
S4_L32.jpg,1073.212890625,0.0,1379.0404052734375,358.7785949707031,0.9071688652038574,L,4
S4_L4.jpg,1030.165283203125,307.69635009765625,1343.036865234375,708.3948974609375,0.9008430242538452,L,4
S4_L5.jpg,1023.5823364257812,216.52218627929688,1324.7646484375,620.80712890625,0.8970388174057007,L,4
S4_L6.jpg,1073.166259765625,192.25169372558594,1349.9493408203125,556.4402465820312,0.9003301858901978,L,4
S4_L7.jpg,1030.7091064453125,166.67745971679688,1282.5889892578125,506.7795104980469,0.9037282466888428,L,4
S4_L8.jpg,1046.20263671875,242.2448272705078,1343.934326171875,644.7496948242188,0.8951597213745117,L,4
S4_L9.jpg,1059.1800537109375,236.95260620117188,1354.7586669921875,631.8970947265625,0.8902987241744995,L,4
S4_R1.jpg,568.04443359375,228.94760131835938,866.7556762695312,602.3423461914062,0.9072288274765015,R,4
S4_R10.jpg,690.5819091796875,190.36395263671875,942.1726684570312,558.489013671875,0.905616819858551,R,4
S4_R11.jpg,593.2844848632812,267.4873962402344,873.2224731445312,619.0098876953125,0.9260386228561401,R,4
S4_R12.jpg,556.1884155273438,178.32200622558594,837.3319091796875,529.986572265625,0.9067997932434082,R,4
S4_R13.jpg,541.8921508789062,346.63275146484375,827.7827758789062,697.854736328125,0.9064925909042358,R,4
S4_R14.jpg,531.4228515625,190.79090881347656,830.6989135742188,560.7816772460938,0.9166181683540344,R,4
S4_R15.jpg,598.376708984375,317.829833984375,866.0767822265625,641.7596435546875,0.915652334690094,R,4
S4_R16.jpg,615.6149291992188,100.48846435546875,896.6990966796875,459.1864929199219,0.8971059322357178,R,4
S4_R17.jpg,676.470458984375,187.55128479003906,939.1681518554688,528.776611328125,0.8987802267074585,R,4
S4_R18.jpg,589.6328735351562,25.10846710205078,877.98828125,386.7158508300781,0.9104572534561157,R,4
S4_R19.jpg,544.5423583984375,188.23623657226562,867.73779296875,557.292724609375,0.8947097659111023,R,4
S4_R2.jpg,550.3846435546875,303.4919738769531,838.2130126953125,666.6882934570312,0.9116601347923279,R,4
S4_R20.jpg,534.43505859375,313.7596130371094,863.5502319335938,690.9642333984375,0.894749641418457,R,4
S4_R21.jpg,637.9749755859375,51.55167770385742,901.3670654296875,427.3271484375,0.9060672521591187,R,4
S4_R22.jpg,665.1760864257812,130.4103240966797,907.1834716796875,483.733642578125,0.9021721482276917,R,4
S4_R23.jpg,604.7390747070312,209.01998901367188,887.5283203125,541.5888061523438,0.8943749070167542,R,4
S4_R24.jpg,570.00634765625,289.99493408203125,857.6920166015625,666.6691284179688,0.8897510766983032,R,4
S4_R25.jpg,559.53564453125,146.7903289794922,873.11474609375,553.9247436523438,0.8890482783317566,R,4
S4_R26.jpg,535.8515625,230.65834045410156,860.427490234375,648.7587280273438,0.8997219800949097,R,4
S4_R27.jpg,525.8380737304688,303.32489013671875,856.9652099609375,686.1043701171875,0.8995838761329651,R,4
S4_R28.jpg,557.2489624023438,175.2086944580078,854.7545166015625,556.535888671875,0.8932033777236938,R,4
S4_R29.jpg,541.639892578125,252.62266540527344,834.7254028320312,635.7614135742188,0.9097805619239807,R,4
S4_R3.jpg,588.2584228515625,0.0,869.6375122070312,353.4831848144531,0.8992511034011841,R,4
S4_R30.jpg,663.96826171875,217.60098266601562,907.4744873046875,560.3064575195312,0.899044930934906,R,4
S4_R31.jpg,639.71142578125,107.25871276855469,872.552490234375,460.2931213378906,0.9186065196990967,R,4
S4_R32.jpg,593.5410766601562,169.24366760253906,919.83837890625,638.9984130859375,0.9015573263168335,R,4
S4_R33.jpg,455.2955322265625,283.2406921386719,855.50927734375,785.7970581054688,0.8796582818031311,R,4
S4_R34.jpg,758.666259765625,223.51351928710938,1140.5546875,680.5926513671875,0.8867074251174927,R,4
S4_R4.jpg,599.3812866210938,270.23321533203125,844.6847534179688,599.2603759765625,0.9131070971488953,R,4
S4_R5.jpg,515.9210815429688,275.82354736328125,828.8411254882812,675.43505859375,0.8976396918296814,R,4
S4_R6.jpg,572.1683959960938,108.47512817382812,840.4306030273438,467.6015319824219,0.8945192098617554,R,4
S4_R7.jpg,586.4274291992188,563.080810546875,830.757080078125,870.24365234375,0.875899612903595,R,4
S4_R8.jpg,640.0529174804688,206.51864624023438,899.6561889648438,529.6386108398438,0.8976414799690247,R,4
S4_R9.jpg,628.4727172851562,391.6020812988281,877.2899169921875,745.9751586914062,0.9003213047981262,R,4
